TradDt,BizDt,Sgmt,Src,FinInstrmTp,FinInstrmId,ISIN,TckrSymb,SctySrs,XpryDt,FininstrmActlXpryDt,StrkPric,OptnTp,FinInstrmNm,OpnPric,HghPric,LwPric,ClsPric,LastPric,PrvsClsgPric,UndrlygPric,SttlmPric,OpnIntrst,ChngInOpnIntrst,TtlTradgVol,TtlTrfVal,TtlNbOfTxsExctd,SsnId,NewBrdLotQty,Rmks,Rsvd1,Rsvd2,Rsvd3,Rsvd4
2026-08-19,2026-08-19,CM,BSE,STK,500002,INE117A01022,ABB,A,,,,,ABB INDIA LIMITED,7548.90,7548.90,7390.00,7400.00,7400.00,7559.85,,7429.82,,,11197,83376620.00,2157,F1,1,,,,,
2026-08-19,2026-08-19,CM,BSE,STK,500003,INE208C01025,AEGISLOG,A,,,,,AEGIS LOGISTICS LTD.,1374.25,1395.00,1340.00,1363.65,1348.35,1367.65,,1363.99,,,45838,62711563.00,1960,F1,1,,,,,
2026-08-19,2026-08-19,CM,BSE,STK,500008,INE885A01032,ARE&M,A,,,,,Amara Raja Energy & Mobility L,937.50,942.20,926.00,929.45,929.45,935.35,,928.66,,,24931,23240753.00,1104,F1,1,,,,,
2026-08-19,2026-08-19,CM,BSE,STK,500009,INE432A01017,AMBALALSA,B,,,,,AMBALAL SARABHAI ENTERPRISES L,47.61,48.01,45.77,46.51,46.50,47.70,,46.35,,,42239,1979217.00,443,F1,1,,,,,
2026-08-19,2026-08-19,CM,BSE,STK,500012,INE714B01016,ANDHRAPET,X,,,,,ANDHRA PETROCHEMICALS LTD.,43.51,44.45,42.50,42.77,42.80,43.98,,42.77,,,152202,6517930.00,1186,F1,1,,,,,
2026-08-19,2026-08-19,CM,BSE,STK,500013,INE436A01026,ANSALAPI,Z,,,,,ANSAL PROPERTIES & INFRASTRUCT,3.32,3.39,3.32,3.32,3.32,3.38,,3.33,,,20049,66812.00,12,F1,1,,,,,
2026-08-19,2026-08-19,CM,BSE,STK,500014,INE096A01010,UTIQUE,X,,,,,UTIQUE ENTERPRISES LIMITED,3.57,3.93,3.57,3.90,3.91,3.78,,3.90,,,9725,37519.00,53,F1,1,,,,,
2026-08-19,2026-08-19,CM,BSE,STK,500016,INE957C01019,ARUNAHTEL,X,,,,,ARUNA HOTELS LTD.,7.57,7.57,7.12,7.25,7.25,7.28,,7.25,,,622,4486.00,20,F1,1,,,,,
2026-08-19,2026-08-19,CM,BSE,STK,500020,INE032A01023,BOMDYEING,B,,,,,BOMBAY DYEING & MFG.CO.LTD.,114.30,115.05,111.10,111.95,111.95,114.95,,111.60,,,38170,4300393.00,516,F1,1,,,,,
2026-08-19,2026-08-19,CM,BSE,STK,500023,INE363A01022,ASIANHOTNR,B,,,,,ASIAN HOTELS (NORTH) LIMITED,297.00,297.85,294.00,294.00,294.00,296.90,,297.68,,,443,130594.00,25,F1,1,,,,,
2026-08-19,2026-08-19,CM,BSE,STK,500027,INE100A01010,ATUL,A,,,,,ATUL LTD.,6627.70,6660.00,6518.85,6581.75,6581.75,6613.05,,6595.51,,,2767,18212621.00,629,F1,1,,,,,
2026-08-19,2026-08-19,CM,BSE,STK,500028,INE447A01015,ATVPR,X,,,,,ATV PROJECTS INDIA LTD.,26.63,27.28,25.70,25.82,25.95,26.74,,25.82,,,8026,209360.00,92,F1,1,,,,,
2026-08-19,2026-08-19,CM,BSE,STK,500031,INE193E01025,BAJAJELEC,A,,,,,BAJAJ ELECTRICALS LTD.,353.45,356.90,350.95,354.45,352.00,355.15,,353.57,,,7404,2617425.00,384,F1,1,,,,,
2026-08-19,2026-08-19,CM,BSE,STK,500032,INE306A01021,BAJAJHIND,B,,,,,BAJAJ HINDUSTHAN SUGAR LIMITED,18.61,21.26,18.56,20.39,20.39,18.62,,20.38,,,6376023,130406669.00,11313,F1,1,,,,,
2026-08-19,2026-08-19,CM,BSE,STK,500033,INE451A01017,FORCEMOT,A,,,,,FORCE MOTORS LTD.,18245.00,18317.95,17725.00,17940.00,17940.00,18245.00,,17849.42,,,7794,139643823.00,2226,F1,1,,,,,
2026-08-19,2026-08-19,CM,BSE,STK,500034,INE296A01032,BAJFINANCE,A,,,,,BAJAJ FINANCE LIMITED,1091.95,1092.90,1076.50,1078.60,1078.60,1092.95,,1080.19,,,117684,127288034.00,3543,F1,1,,,,,
2026-08-19,2026-08-19,CM,BSE,STK,500038,INE119A01028,BALRAMCHIN,A,,,,,BALRAMPUR CHINI MILLS LTD,652.85,667.50,648.95,650.85,650.85,652.15,,650.80,,,66781,43885735.00,2114,F1,1,,,,,
2026-08-19,2026-08-19,CM,BSE,STK,500039,INE213C01025,BANCOINDIA,A,,,,,BANCO PRODUCTS (INDIA) LTD.,624.30,631.10,620.90,623.10,624.00,629.20,,622.81,,,10878,6804618.00,549,F1,1,,,,,
2026-08-19,2026-08-19,CM,BSE,STK,500040,INE055A01016,ABREL,A,,,,,ADITYA BIRLA REAL ESTATE LIMIT,1365.40,1400.70,1365.40,1395.75,1395.95,1390.40,,1395.15,,,5701,7936172.00,279,F1,1,,,,,
2026-08-19,2026-08-19,CM,BSE,STK,500042,INE373A01013,BASF,A,,,,,BASF INDIA LTD.,3980.00,3983.25,3905.00,3928.85,3905.00,3980.70,,3929.87,,,3620,14284127.00,533,F1,1,,,,,
2026-08-19,2026-08-19,CM,BSE,STK,500043,INE176A01028,BATAINDIA,A,,,,,BATA INDIA LTD.,730.50,730.50,710.50,721.45,721.50,752.75,,721.31,,,38185,27351052.00,1628,F1,1,,,,,
2026-08-19,2026-08-19,CM,BSE,STK,500048,INE258A01024,BEML,A,,,,,BEML LTD.,1975.00,1985.00,1922.70,1963.05,1961.40,1964.40,,1966.71,,,20027,39065146.00,1590,F1,1,,,,,
2026-08-19,2026-08-19,CM,BSE,STK,500049,INE263A01024,BEL,A,,,,,BHARAT ELECTRONICS LTD.,412.90,413.25,406.45,408.70,408.70,411.90,,409.20,,,335507,137097737.00,4297,F1,1,,,,,
2026-08-19,2026-08-19,CM,BSE,STK,500051,INE099C01010,BHAGGAS,XT,,,,,BHAGAWATI GAS LIMITED,11.90,11.92,10.80,10.94,11.23,11.36,,10.94,,,202335,2345590.00,326,F1,1,,,,,
2026-08-19,2026-08-19,CM,BSE,STK,500052,INE922A01025,BEPL,B,,,,,BHANSALI ENGINEERING POLYMERS,121.40,122.25,118.65,119.15,118.65,122.55,,119.06,,,70793,8476938.00,717,F1,1,,,,,
2026-08-19,2026-08-19,CM,BSE,STK,500058,INE819C01011,BIHSPONG,X,,,,,BIHAR SPONGE IRON LTD.,12.57,13.00,11.81,12.84,12.80,12.10,,12.84,,,35696,447574.00,133,F1,1,,,,,
2026-08-19,2026-08-19,CM,BSE,STK,500059,INE071A01013,BILVYAPAR,T,,,,,BIL VYAPAR LIMITED,4.02,4.02,4.02,4.02,4.02,4.09,,4.06,,,100,402.00,1,F1,1,,,,,
2026-08-19,2026-08-19,CM,BSE,STK,500060,INE800A01015,BIRLACABLE,T,,,,,Birla Cable Limited,300.00,300.00,280.20,286.10,282.50,292.40,,285.03,,,17812,5145871.00,429,F1,1,,,,,
2026-08-19,2026-08-19,CM,BSE,STK,500067,INE472A01039,BLUESTARCO,A,,,,,BLUE STAR LTD.,1487.55,1500.20,1479.00,1498.00,1498.00,1494.00,,1493.24,,,14207,21165360.00,1274,F1,1,,,,,
2026-08-19,2026-08-19,CM,BSE,STK,500068,INE131C01011,DISAQ,B,,,,,DISA INDIA LTD.,11881.00,11900.00,11850.00,11900.00,11900.00,11866.95,,11803.00,,,53,628489.00,25,F1,1,,,,,
2026-08-19,2026-08-19,CM,BSE,STK,500069,INE418C01012,QUESTCAP,X,,,,,QUEST CAPITAL MARKETS LIMITED,266.95,266.95,251.00,257.10,257.65,267.05,,257.10,,,936,237895.00,74,F1,1,,,,,
2026-08-19,2026-08-19,CM,BSE,STK,500074,INE110A01019,BPL,B,,,,,BPL LTD.,50.50,51.00,49.71,50.02,50.60,49.98,,50.26,,,3476,174047.00,55,F1,1,,,,,
2026-08-19,2026-08-19,CM,BSE,STK,500078,INE959C01023,OAL,B,,,,,ORIENTAL AROMATICS LIMITED,342.80,344.25,341.80,341.80,341.80,344.70,,341.90,,,185,63385.00,38,F1,1,,,,,
2026-08-19,2026-08-19,CM,BSE,STK,500083,INE281A01026,CENTEXT,B,,,,,CENTURY EXTRUSIONS LTD.,22.00,22.80,21.50,22.70,22.70,22.04,,22.46,,,320855,7258432.00,379,F1,1,,,,,
2026-08-19,2026-08-19,CM,BSE,STK,500084,INE486A01021,CESC,A,,,,,CESC LTD.,161.95,162.00,158.60,159.75,159.75,168.00,,159.67,,,246050,39374057.00,4321,F1,1,,,,,
2026-08-19,2026-08-19,CM,BSE,STK,500085,INE085A01013,CHAMBLFERT,A,,,,,CHAMBAL FERTILISERS & CHEMICAL,431.85,437.60,431.85,434.35,436.00,434.45,,434.84,,,20217,8792768.00,761,F1,1,,,,,
2026-08-19,2026-08-19,CM,BSE,STK,500086,INE302A01020,EXIDEIND,A,,,,,EXIDE INDUSTRIES LTD.,465.60,470.55,456.65,459.20,459.20,465.00,,459.49,,,123654,57384251.00,2803,F1,1,,,,,
2026-08-19,2026-08-19,CM,BSE,STK,500087,INE059A01026,CIPLA,A,,,,,CIPLA LTD.,1420.05,1431.00,1415.45,1416.00,1416.00,1431.85,,1421.98,,,30973,44051624.00,3536,F1,1,,,,,
2026-08-19,2026-08-19,CM,BSE,STK,500089,INE303A01010,DICIND,B,,,,,DIC INDIA LTD.,589.70,589.70,570.15,578.00,583.30,589.70,,577.01,,,76,43971.00,12,F1,1,,,,,
2026-08-19,2026-08-19,CM,BSE,STK,500092,INE007A01025,CRISIL,A,,,,,CRISIL LTD.,4418.80,4549.00,4418.80,4501.15,4495.00,4442.95,,4499.54,,,4537,20429268.00,885,F1,1,,,,,
2026-08-19,2026-08-19,CM,BSE,STK,500093,INE067A01029,CGPOWER,A,,,,,CG Power and Industrial Soluti,883.45,885.50,860.20,862.90,862.90,893.95,,863.05,,,162190,140832151.00,5371,F1,1,,,,,
2026-08-19,2026-08-19,CM,BSE,STK,500096,INE016A01026,DABUR,A,,,,,DABUR INDIA LTD.,404.00,404.00,398.05,398.50,398.50,403.50,,399.72,,,62950,25210187.00,2836,F1,1,,,,,
2026-08-19,2026-08-19,CM,BSE,STK,500097,INE495A01022,DALMIASUG,B,,,,,DALMIA BHARAT SUGAR AND INDUST,457.05,477.20,449.85,475.30,474.20,452.70,,475.54,,,34653,16305487.00,1235,F1,1,,,,,
2026-08-19,2026-08-19,CM,BSE,STK,500101,INE034A01011,ARVIND,A,,,,,ARVIND LTD.,527.00,532.25,512.00,518.15,518.15,527.05,,516.56,,,117005,60409267.00,2413,F1,1,,,,,
2026-08-19,2026-08-19,CM,BSE,STK,500103,INE257A01026,BHEL,A,,,,,BHARAT HEAVY ELECTRICALS LTD.,424.10,424.95,414.40,418.50,418.50,425.20,,419.78,,,484685,202442454.00,7488,F1,1,,,,,
2026-08-19,2026-08-19,CM,BSE,STK,500104,INE094A01015,HINDPETRO,A,,,,,HINDUSTAN PETROLEUM CORPORATIO,366.65,367.90,364.65,365.05,365.05,366.15,,366.43,,,391226,143152765.00,3277,F1,1,,,,,
2026-08-19,2026-08-19,CM,BSE,STK,500106,INE039A01010,IFCI,A,,,,,IFCI LTD.,82.00,84.10,81.00,81.60,81.60,81.41,,81.68,,,5382938,445367757.00,16096,F1,1,,,,,
2026-08-19,2026-08-19,CM,BSE,STK,500108,INE153A01019,MTNL,B,,,,,MAHANAGAR TELEPHONE NIGAM LTD.,27.19,27.41,26.55,26.69,26.65,27.08,,26.71,,,31971,858543.00,255,F1,1,,,,,
2026-08-19,2026-08-19,CM,BSE,STK,500109,INE103A01014,MRPL,A,,,,,MANGALORE REFINERY & PETROCHEM,180.65,183.85,175.05,176.50,176.50,177.35,,176.51,,,1070827,192188924.00,8496,F1,1,,,,,
2026-08-19,2026-08-19,CM,BSE,STK,500110,INE178A01016,CHENNPETRO,A,,,,,CHENNAI PETROLEUM CORPORATION,1437.95,1489.00,1410.05,1440.10,1440.10,1404.25,,1440.29,,,343506,502445111.00,10827,F1,1,,,,,
2026-08-19,2026-08-19,CM,BSE,STK,500112,INE062A01020,SBIN,A,,,,,STATE BANK OF INDIA,1052.25,1054.60,1041.30,1046.00,1046.00,1053.70,,1048.59,,,751654,787857142.00,16100,F1,1,,,,,
2026-08-19,2026-08-19,CM,BSE,STK,500113,INE114A01011,SAIL,A,,,,,STEEL AUTHORITY OF INDIA LTD.,169.45,173.85,169.30,172.50,172.50,170.40,,172.75,,,1155978,198372944.00,7703,F1,1,,,,,
2026-08-19,2026-08-19,CM,BSE,STK,500114,INE280A01028,TITAN,A,,,,,TITAN COMPANY LIMITED,5049.30,5074.70,5036.85,5064.00,5064.00,5050.40,,5067.98,,,16786,84871258.00,2989,F1,1,,,,,
2026-08-19,2026-08-19,CM,BSE,STK,500116,INE008A01015,IDBI,A,,,,,IDBI BANK LTD.,80.96,81.70,80.60,80.72,80.72,81.14,,80.72,,,311209,25263147.00,1881,F1,1,,,,,
2026-08-19,2026-08-19,CM,BSE,STK,500117,INE500A01029,DCW,B,,,,,DCW LTD.,44.18,44.18,42.60,43.30,43.28,43.60,,43.26,,,60441,2610696.00,347,F1,1,,,,,
2026-08-19,2026-08-19,CM,BSE,STK,500119,INE041A01016,DHAMPURSUG,B,,,,,DHAMPUR SUGAR MILLS LTD.,170.45,181.80,170.45,176.35,176.35,168.70,,176.19,,,173901,30704523.00,2108,F1,1,,,,,
2026-08-19,2026-08-19,CM,BSE,STK,500120,INE591D01014,DIAMINESQ,B,,,,,DIAMINES & CHEMICALS LTD.,240.00,241.40,233.70,236.90,236.90,239.35,,238.96,,,356,83412.00,65,F1,1,,,,,
2026-08-19,2026-08-19,CM,BSE,STK,500123,INE280B01018,ELANTAS,B,,,,,ELANTAS BECK INDIA LTD.,11788.05,11788.05,11538.05,11608.00,11639.90,11657.00,,11601.43,,,107,1243829.00,61,F1,1,,,,,
2026-08-19,2026-08-19,CM,BSE,STK,500124,INE089A01031,DRREDDY,A,,,,,DR.REDDYS LABORATORIES LTD.,1152.80,1187.35,1152.80,1171.00,1171.00,1180.50,,1170.01,,,71049,83766849.00,5396,F1,1,,,,,
2026-08-19,2026-08-19,CM,BSE,STK,500125,INE126A01031,EIDPARRY,A,,,,,E.I.D.-PARRY (INDIA) LTD.,779.30,800.00,777.05,787.15,788.00,779.30,,787.05,,,26709,21083996.00,1375,F1,1,,,,,
2026-08-19,2026-08-19,CM,BSE,STK,500126,INE199A01012,PGHL,A,,,,,PROCTER & GAMBLE HEALTH LIMITE,5850.00,5870.50,5764.50,5779.75,5789.45,5833.20,,5780.96,,,249,1446009.00,96,F1,1,,,,,
2026-08-19,2026-08-19,CM,BSE,STK,500128,INE086A01029,ELECTCAST,A,,,,,ELECTROSTEEL CASTINGS LTD.,71.37,71.99,70.50,71.70,71.20,71.21,,71.76,,,60836,4310269.00,403,F1,1,,,,,
2026-08-19,2026-08-19,CM,BSE,STK,500133,INE284A01012,ESABINDIA,B,,,,,ESAB INDIA LTD.,6119.05,6128.10,6049.30,6050.15,6049.40,6185.75,,6057.36,,,616,3744606.00,170,F1,1,,,,,
2026-08-19,2026-08-19,CM,BSE,STK,500135,INE255A01020,EPL,A,,,,,EPL LIMITED,246.00,255.80,245.10,250.45,251.80,245.05,,250.76,,,1260365,315770351.00,5350,F1,1,,,,,
2026-08-19,2026-08-19,CM,BSE,STK,500136,INE778B01029,ESTER,B,,,,,ESTER INDUSTRIES LTD.,96.66,98.23,95.70,96.01,96.50,97.34,,96.08,,,3611,348906.00,110,F1,1,,,,,
2026-08-19,2026-08-19,CM,BSE,STK,500142,INE512A01016,FGP,X,,,,,FGP LTD.,11.30,11.94,11.20,11.41,11.56,11.24,,11.41,,,5173,58643.00,50,F1,1,,,,,
2026-08-19,2026-08-19,CM,BSE,STK,500143,INE160F01013,PHCAP,XT,,,,,P H CAPITAL LIMITED,1000.00,1009.20,985.00,996.80,1005.00,999.10,,996.80,,,4443,4437013.00,121,F1,1,,,,,
2026-08-19,2026-08-19,CM,BSE,STK,500144,INE235A01022,FINCABLES,A,,,,,FINOLEX CABLES LTD.,1330.25,1330.25,1264.55,1312.60,1315.95,1330.25,,1313.65,,,71968,92395055.00,4814,F1,1,,,,,
2026-08-19,2026-08-19,CM,BSE,STK,500147,INE515A01019,COCKERILL,B,,,,,JOHN COCKERILL INDIA LIMITED,8374.05,8399.90,7970.00,8020.00,8031.90,8419.90,,8011.36,,,1879,15320746.00,590,F1,1,,,,,
2026-08-19,2026-08-19,CM,BSE,STK,500148,INE516A01017,UFLEX,B,,,,,UFLEX LTD.,609.55,634.80,596.40,621.85,619.40,613.30,,620.99,,,52798,32605892.00,1154,F1,1,,,,,
2026-08-19,2026-08-19,CM,BSE,STK,500150,INE519A01011,FOSECOIND,B,,,,,FOSECO INDIA LTD.,5508.50,5598.05,5446.00,5459.00,5446.00,5521.35,,5466.92,,,61,337869.00,35,F1,1,,,,,
2026-08-19,2026-08-19,CM,BSE,STK,500153,INE388A01029,GANESHBE,T,,,,,GANESH BENZOPLAST LTD.,112.05,117.00,112.05,112.40,112.15,115.00,,112.44,,,4141,474975.00,43,F1,1,,,,,
2026-08-19,2026-08-19,CM,BSE,STK,500159,INE085D01033,METROGLOBL,B,,,,,METROGLOBAL LIMITED,143.10,150.40,132.60,145.85,146.10,147.55,,142.80,,,3078,427956.00,122,F1,1,,,,,
2026-08-19,2026-08-19,CM,BSE,STK,500160,INE043A01012,GTL,B,,,,,GTL LTD.,7.88,7.88,7.15,7.31,7.27,7.43,,7.26,,,43142,312212.00,123,F1,1,,,,,
2026-08-19,2026-08-19,CM,BSE,STK,500163,INE260B01028,GODFRYPHLP,A,,,,,GODFREY PHILLIPS INDIA LTD.,2102.40,2166.80,2095.30,2129.00,2129.00,2109.00,,2118.60,,,32465,69181077.00,2325,F1,1,,,,,
2026-08-19,2026-08-19,CM,BSE,STK,500164,INE233A01035,GODREJIND,A,,,,,GODREJ INDUSTRIES LTD.,1213.15,1239.00,1204.75,1217.10,1219.80,1232.90,,1217.83,,,10689,12983582.00,491,F1,1,,,,,
2026-08-19,2026-08-19,CM,BSE,STK,500165,INE531A01024,KANSAINER,A,,,,,KANSAI NEROLAC PAINTS LTD.,200.05,201.95,198.55,201.35,201.50,201.25,,201.37,,,18848,3774613.00,474,F1,1,,,,,
2026-08-19,2026-08-19,CM,BSE,STK,500166,INE300A01016,GOODRICKE,X,,,,,GOODRICKE GROUP LTD.,217.95,220.50,211.10,218.50,218.00,216.40,,218.50,,,11576,2526713.00,164,F1,1,,,,,
2026-08-19,2026-08-19,CM,BSE,STK,500168,INE533A01012,GOODYEAR,B,,,,,GOODYEAR INDIA LTD.,764.00,766.90,760.00,760.35,760.15,764.85,,761.34,,,1878,1432355.00,233,F1,1,,,,,
2026-08-19,2026-08-19,CM,BSE,STK,500170,INE537A01013,GTNINDS,X,,,,,GTN INDUSTRIES LTD.,24.00,24.48,22.54,23.63,24.00,24.00,,23.63,,,4136,99011.00,20,F1,1,,,,,
2026-08-19,2026-08-19,CM,BSE,STK,500171,INE539A01019,GHCL,A,,,,,GHCL LTD.,439.00,454.50,437.85,439.05,438.00,439.10,,438.72,,,28376,12662037.00,1583,F1,1,,,,,
2026-08-19,2026-08-19,CM,BSE,STK,500173,INE538A01037,GFLLIMITED,B,,,,,GFL LIMITED,51.99,58.00,51.75,56.78,57.20,51.51,,56.76,,,65699,3678218.00,708,F1,1,,,,,
2026-08-19,2026-08-19,CM,BSE,STK,500174,INE540A01017,GLFL,B,,,,,GUJARAT LEASE FINANCING LTD.,5.88,6.00,5.60,5.94,5.94,5.85,,5.82,,,6523,37827.00,12,F1,1,,,,,
2026-08-19,2026-08-19,CM,BSE,STK,500178,INE905C01034,HARCR,XT,,,,,HARIG CRANKSHAFTS LTD.,19.74,19.74,19.74,19.74,19.74,18.80,,19.74,,,156,3079.00,20,F1,1,,,,,
2026-08-19,2026-08-19,CM,BSE,STK,500179,INE236A01020,HCL-INSYS,B,,,,,HCL INFOSYSTEMS LTD.,11.30,11.45,11.22,11.28,11.30,11.35,,11.26,,,9032,101913.00,153,F1,1,,,,,
2026-08-19,2026-08-19,CM,BSE,STK,500180,INE040A01034,HDFCBANK,A,,,,,HDFC BANK LTD.,723.25,725.00,715.05,720.15,720.15,723.20,,720.00,,,1326897,953532124.00,42465,F1,1,,,,,
2026-08-19,2026-08-19,CM,BSE,STK,500182,INE158A01026,HEROMOTOCO,A,,,,,HERO MOTOCORP LTD.,5729.95,5765.00,5648.00,5695.00,5695.00,5737.00,,5709.48,,,16642,94655695.00,2003,F1,1,,,,,
2026-08-19,2026-08-19,CM,BSE,STK,500183,INE548A01028,HFCL,A,,,,,HFCL LIMITED,233.85,234.65,224.00,226.50,226.50,230.25,,226.53,,,766199,173890250.00,7552,F1,1,,,,,
2026-08-19,2026-08-19,CM,BSE,STK,500184,INE019C01026,HSCL,A,,,,,Himadri Speciality Chemical Lt,781.35,783.65,702.00,750.25,750.25,781.20,,750.25,,,1103184,811495706.00,19374,F1,1,,,,,
2026-08-19,2026-08-19,CM,BSE,STK,500185,INE549A01026,HCC,A,,,,,HINDUSTAN CONSTRUCTION CO.LTD.,20.03,20.22,19.73,19.84,19.84,20.05,,19.83,,,1073891,21383831.00,1874,F1,1,,,,,
2026-08-19,2026-08-19,CM,BSE,STK,500186,INE345A01011,HINDOILEXP,B,,,,,HINDUSTAN OIL EXPLORATION CO.L,156.85,157.75,153.60,153.90,153.90,156.55,,153.72,,,23080,3586850.00,317,F1,1,,,,,
2026-08-19,2026-08-19,CM,BSE,STK,500187,INE415A01038,AGI,B,,,,,AGI GREENPAC LIMITED,711.00,716.10,704.80,705.60,705.45,711.75,,706.19,,,3630,2571685.00,267,F1,1,,,,,
2026-08-19,2026-08-19,CM,BSE,STK,500188,INE267A01025,HINDZINC,A,,,,,HINDUSTAN ZINC LTD.,550.00,562.00,548.75,554.00,554.00,558.20,,556.37,,,224271,124263564.00,5916,F1,1,,,,,
2026-08-19,2026-08-19,CM,BSE,STK,500189,INE353A01023,NDLVENTURE,B,,,,,NDL Ventures Limited,117.00,119.40,115.75,116.50,117.60,117.00,,116.09,,,539,62985.00,72,F1,1,,,,,
2026-08-19,2026-08-19,CM,BSE,STK,500191,INE262A01018,HMT,Z,,,,,HMT LTD.,61.80,61.80,61.46,61.80,61.80,60.65,,61.37,,,1174,72430.00,23,F1,1,,,,,
2026-08-19,2026-08-19,CM,BSE,STK,500192,INE962B01011,PRAGBOS,X,,,,,PRAG BOSIMI SYNTHETICS LTD.,2.10,2.10,1.73,1.93,1.94,1.97,,1.93,,,19486,35610.00,91,F1,1,,,,,
2026-08-19,2026-08-19,CM,BSE,STK,500193,INE102A01024,HLVLTD,B,,,,,HLV LIMITED,6.68,6.74,6.61,6.65,6.70,6.67,,6.63,,,6730,44896.00,59,F1,1,,,,,
2026-08-19,2026-08-19,CM,BSE,STK,500199,INE204A01010,IGPL,B,,,,,I G PETROCHEMICALS LTD.,482.10,499.40,473.95,476.45,475.85,482.10,,476.40,,,3353,1628124.00,262,F1,1,,,,,
2026-08-19,2026-08-19,CM,BSE,STK,500201,INE560A01023,INDIAGLYCO,A,,,,,INDIA GLYCOLS LTD.,1152.40,1152.40,1095.80,1105.85,1103.00,1138.60,,1106.29,,,8966,9970226.00,540,F1,1,,,,,
2026-08-19,2026-08-19,CM,BSE,STK,500202,INE333C01013,INDLEASE,X,,,,,INDIA LEASE DEVELOPMENT LTD.,8.00,8.00,8.00,8.00,8.00,7.65,,8.00,,,30,240.00,1,F1,1,,,,,
2026-08-19,2026-08-19,CM,BSE,STK,500206,INE680B01019,MARGOFIN,X,,,,,MARGO FINANCE LIMITED,65.85,68.75,65.20,65.87,65.87,70.01,,65.87,,,4753,313756.00,65,F1,1,,,,,
2026-08-19,2026-08-19,CM,BSE,STK,500207,INE156A01020,INDORAMA,B,,,,,INDO RAMA SYNTHETICS (INDIA) L,56.05,56.66,55.45,56.11,56.50,56.86,,56.27,,,5688,319278.00,110,F1,1,,,,,
2026-08-19,2026-08-19,CM,BSE,STK,500209,INE009A01021,INFY,A,,,,,INFOSYS LTD.,1124.00,1135.00,1114.00,1117.05,1117.05,1115.00,,1119.77,,,409627,459393033.00,10311,F1,1,,,,,
2026-08-19,2026-08-19,CM,BSE,STK,500210,INE177A01018,INGERRAND,B,,,,,INGERSOLL-RAND (INDIA) LTD.,4720.00,4750.00,4625.55,4634.50,4650.00,4694.25,,4641.18,,,2433,11422132.00,470,F1,1,,,,,
2026-08-19,2026-08-19,CM,BSE,STK,500213,INE262B01016,ITHL,X,,,,,INTERNATIONAL TRAVEL HOUSE LTD,301.30,310.05,300.00,302.30,302.30,306.35,,302.30,,,4777,1461372.00,87,F1,1,,,,,
2026-08-19,2026-08-19,CM,BSE,STK,500214,INE570A01022,IONEXCHANG,A,,,,,ION EXCHANGE (INDIA) LTD.,373.50,374.65,364.05,372.60,374.65,370.45,,372.92,,,17254,6373831.00,611,F1,1,,,,,
2026-08-19,2026-08-19,CM,BSE,STK,500215,INE209A01019,SUNDROP,B,,,,,SUNDROP BRANDS LIMITED,656.00,656.00,648.40,650.00,648.40,649.00,,649.96,,,341,221796.00,68,F1,1,,,,,
2026-08-19,2026-08-19,CM,BSE,STK,500219,INE175A01038,JISLJALEQS,A,,,,,JAIN IRRIGATION SYSTEMS LTD.,27.38,28.50,27.38,28.01,28.01,27.60,,28.05,,,79824,2242195.00,559,F1,1,,,,,
2026-08-19,2026-08-19,CM,BSE,STK,500220,INE711C01028,JASCH,XT,,,,,JASCH INDUSTRIES LTD.,309.00,309.00,290.00,305.00,305.00,297.00,,305.00,,,2391,711306.00,21,F1,1,,,,,
2026-08-19,2026-08-19,CM,BSE,STK,500227,INE197D01010,JINDALPOLY,B,,,,,JINDAL POLY FILMS LIMITED,646.65,646.95,637.00,639.20,637.00,645.75,,638.36,,,209,134089.00,27,F1,1,,,,,
2026-08-19,2026-08-19,CM,BSE,STK,500228,INE019A01038,JSWSTEEL,A,,,,,JSW STEEL LTD.,1275.00,1284.20,1262.00,1281.30,1281.30,1280.00,,1285.79,,,256580,327690161.00,185824,F1,1,,,,,
2026-08-19,2026-08-19,CM,BSE,STK,500233,INE217B01036,KAJARIACER,A,,,,,KAJARIA CERAMICS LTD.,1217.05,1224.50,1202.80,1212.40,1220.90,1228.20,,1209.17,,,9258,11214815.00,662,F1,1,,,,,
2026-08-19,2026-08-19,CM,BSE,STK,500234,INE437B01014,KAKATCEM,B,,,,,KAKATIYA CEMENT SUGAR & INDUST,115.00,115.20,115.00,115.00,115.00,109.85,,114.98,,,613,70597.00,6,F1,1,,,,,
2026-08-19,2026-08-19,CM,BSE,STK,500235,INE907A01026,KSL,B,,,,,KALYANI STEELS LTD.,809.95,890.00,809.95,875.20,877.05,820.80,,875.54,,,5691,4946859.00,487,F1,1,,,,,
2026-08-19,2026-08-19,CM,BSE,STK,500236,INE252C01023,KANELIND,XT,,,,,KANEL INDUSTRIES LIMITED,56.40,62.31,56.39,62.31,62.31,59.35,,62.31,,,15113,902075.00,66,F1,1,,,,,
2026-08-19,2026-08-19,CM,BSE,STK,500238,INE716A01013,WHIRLPOOL,A,,,,,WHIRLPOOL OF INDIA LTD.,772.00,772.05,750.10,752.75,765.00,768.65,,753.41,,,10972,8310941.00,888,F1,1,,,,,
2026-08-19,2026-08-19,CM,BSE,STK,500239,INE104A01012,KGDENIM,X,,,,,KG DENIM LTD.,14.95,14.95,14.20,14.21,14.74,14.85,,14.21,,,1505,21391.00,11,F1,1,,,,,
2026-08-19,2026-08-19,CM,BSE,STK,500240,INE266B01017,KINETICENG,XT,,,,,KINETIC ENGINEERING LTD.,241.75,242.00,230.05,236.40,236.90,237.35,,236.40,,,17225,4072419.00,179,F1,1,,,,,
2026-08-19,2026-08-19,CM,BSE,STK,500241,INE732A01036,KIRLOSBROS,A,,,,,KIRLOSKAR BROTHERS LTD.,1911.00,1973.00,1911.00,1950.90,1955.45,1908.15,,1951.39,,,6589,12861082.00,940,F1,1,,,,,
2026-08-19,2026-08-19,CM,BSE,STK,500243,INE250A01039,KIRLOSIND,B,,,,,KIRLOSKAR INDUSTRIES LTD,3751.50,3766.05,3711.30,3721.70,3712.00,3772.15,,3729.59,,,67,249916.00,41,F1,1,,,,,
2026-08-19,2026-08-19,CM,BSE,STK,500245,INE884B01025,KIRLFER,B,,,,,KIRLOSKAR FERROUS INDUSTRIES L,435.95,437.95,430.00,430.30,430.30,435.95,,430.16,,,5652,2453698.00,301,F1,1,,,,,
2026-08-19,2026-08-19,CM,BSE,STK,500246,INE601C01013,ENVAIREL,XT,,,,,ENVAIR ELECTRODYNE LTD.,46.04,46.04,44.25,44.26,44.26,45.15,,44.26,,,1230,54608.00,11,F1,1,,,,,
2026-08-19,2026-08-19,CM,BSE,STK,500247,INE237A01036,KOTAKBANK,A,,,,,KOTAK MAHINDRA BANK LTD.,387.30,392.70,386.75,392.05,392.05,387.30,,390.25,,,255419,99522723.00,2920,F1,1,,,,,
2026-08-19,2026-08-19,CM,BSE,STK,500248,INE073A01019,KRIFILIND,X,,,,,KRISHNA FILAMENT INDUSTRIES LI,5.12,5.12,4.86,4.86,4.86,5.10,,4.86,,,4009,19484.00,6,F1,1,,,,,
2026-08-19,2026-08-19,CM,BSE,STK,500249,INE999A01023,KSB,A,,,,,KSB LIMITED,790.35,813.00,788.20,807.60,808.10,793.45,,807.13,,,102144,81731390.00,936,F1,1,,,,,
2026-08-19,2026-08-19,CM,BSE,STK,500250,INE337A01034,LGBBROSLTD,A,,,,,L.G.BALAKRISHNAN & BROS.LTD.,1570.60,1604.00,1560.00,1601.85,1604.00,1605.90,,1602.88,,,2400,3812704.00,346,F1,1,,,,,
2026-08-19,2026-08-19,CM,BSE,STK,500251,INE849A01020,TRENT,A,,,,,TRENT LTD.,2939.10,2972.00,2939.10,2944.00,2944.00,2943.00,,2952.98,,,36169,106827642.00,2615,F1,1,,,,,
2026-08-19,2026-08-19,CM,BSE,STK,500252,INE269B01029,LMW,A,,,,,LMW Limited,19713.05,19889.05,19520.15,19647.20,19631.75,19737.50,,19664.54,,,138,2715758.00,102,F1,1,,,,,
2026-08-19,2026-08-19,CM,BSE,STK,500253,INE115A01026,LICHSGFIN,A,,,,,LIC HOUSING FINANCE LTD.,501.75,501.75,496.85,498.50,498.50,499.50,,497.02,,,41367,20636824.00,1351,F1,1,,,,,
2026-08-19,2026-08-19,CM,BSE,STK,500257,INE326A01037,LUPIN,A,,,,,LUPIN LTD.,2225.45,2227.95,2202.90,2220.00,2220.00,2225.00,,2225.00,,,10235,22679890.00,1163,F1,1,,,,,
2026-08-19,2026-08-19,CM,BSE,STK,500259,INE933A01014,LYKALABS,T,,,,,LYKA LABS LTD.,70.61,70.61,70.61,70.61,70.61,69.23,,70.61,,,172,12144.00,3,F1,1,,,,,
2026-08-19,2026-08-19,CM,BSE,STK,500260,INE331A01037,RAMCOCEM,A,,,,,THE RAMCO CEMENTS LIMITED,909.65,915.65,893.00,900.85,909.00,910.15,,902.12,,,189123,169619919.00,6370,F1,1,,,,,
2026-08-19,2026-08-19,CM,BSE,STK,500262,INE965B01022,HYBRIDFIN,T,,,,,HYBRID FINANCIAL SERVICES LIMI,17.15,17.15,17.10,17.10,17.10,18.00,,17.01,,,275,4708.00,11,F1,1,,,,,
2026-08-19,2026-08-19,CM,BSE,STK,500264,INE270B01035,MAFATIND,B,,,,,MAFATLAL INDUSTRIES LTD.,121.00,123.00,120.60,122.10,123.00,122.30,,122.33,,,3613,440209.00,59,F1,1,,,,,
2026-08-19,2026-08-19,CM,BSE,STK,500265,INE271B01025,MAHSEAMLES,A,,,,,MAHARASHTRA SEAMLESS LTD.,619.10,623.50,612.85,613.85,613.00,619.75,,613.90,,,3362,2078888.00,274,F1,1,,,,,
2026-08-19,2026-08-19,CM,BSE,STK,500266,INE288A01013,MAHSCOOTER,A,,,,,MAHARASHTRA SCOOTERS LTD.,13228.75,13439.20,13181.90,13359.10,13384.00,13228.75,,13349.11,,,336,4481184.00,154,F1,1,,,,,
2026-08-19,2026-08-19,CM,BSE,STK,500267,INE201B01022,MAJESAUT,T,,,,,MAJESTIC AUTO LTD.,353.90,358.40,345.00,353.70,354.00,349.10,,354.02,,,1117,390034.00,79,F1,1,,,,,
2026-08-19,2026-08-19,CM,BSE,STK,500268,INE201A01024,MANALIPETC,B,,,,,MANALI PETROCHEMICAL LTD.,71.65,78.62,71.56,72.78,72.62,71.04,,72.80,,,423260,32161285.00,1997,F1,1,,,,,
2026-08-19,2026-08-19,CM,BSE,STK,500270,INE461A01024,BARODARY,X,,,,,BARODA RAYON CORPORATION LTD.,123.20,124.00,114.00,123.90,124.00,123.20,,123.90,,,5744,692252.00,90,F1,1,,,,,
2026-08-19,2026-08-19,CM,BSE,STK,500271,INE180A01020,MFSL,A,,,,,Max Financial Services Limited,1588.50,1588.50,1549.80,1553.00,1553.00,1584.45,,1546.12,,,9854,15389928.00,1217,F1,1,,,,,
2026-08-19,2026-08-19,CM,BSE,STK,500277,INE401C01018,MIDINDIA,X,,,,,MID INDIA INDUSTRIES LTD.,5.97,5.97,5.90,5.90,5.90,6.00,,5.90,,,230,1359.00,5,F1,1,,,,,
2026-08-19,2026-08-19,CM,BSE,STK,500279,INE831A01028,ONIDA,B,,,,,ONIDA ELECTRONICS LIMITED,35.50,37.34,34.00,36.80,36.75,35.73,,36.92,,,109668,3950226.00,887,F1,1,,,,,
2026-08-19,2026-08-19,CM,BSE,STK,500280,INE485A01015,CENTENKA,B,,,,,CENTURY ENKA LTD.,575.25,577.45,563.95,568.95,570.20,577.35,,569.89,,,1341,762857.00,135,F1,1,,,,,
2026-08-19,2026-08-19,CM,BSE,STK,500312,INE213A01029,ONGC,A,,,,,OIL AND NATURAL GAS CORPORATIO,241.35,242.10,237.50,238.00,238.00,239.35,,238.00,,,1020191,244973641.00,5796,F1,1,,,,,
2026-08-19,2026-08-19,CM,BSE,STK,500325,INE002A01018,RELIANCE,A,,,,,RELIANCE INDUSTRIES LTD.,1320.30,1322.70,1304.00,1307.50,1307.50,1319.40,,1311.00,,,572053,751071965.00,16438,F1,1,,,,,
2026-08-19,2026-08-19,CM,BSE,STK,500331,INE318A01026,PIDILITIND,A,,,,,PIDILITE INDUSTRIES LTD.,1673.00,1673.00,1645.00,1650.00,1650.00,1673.05,,1650.00,,,121087,201275429.00,1762,F1,1,,,,,
2026-08-19,2026-08-19,CM,BSE,STK,500420,INE685A01028,TORNTPHARM,A,,,,,TORRENT PHARMACEUTICALS LTD.,4975.35,5031.05,4945.00,5013.00,5013.00,4975.00,,5013.00,,,88307,440322359.00,2215,F1,1,,,,,
2026-08-19,2026-08-19,CM,BSE,STK,500470,INE081A01020,TATASTEEL,A,,,,,TATA STEEL LTD.,184.85,185.00,182.45,184.00,184.00,185.20,,184.00,,,1048518,192521127.00,8543,F1,1,,,,,
2026-08-19,2026-08-19,CM,BSE,STK,500488,INE358A01014,ABBOTINDIA,A,,,,,ABBOTT INDIA LTD.,26500.35,26700.00,26302.50,26400.00,26350.00,26587.05,,26400.29,,,47800,1263827581.00,1037,F1,1,,,,,
2026-08-19,2026-08-19,CM,BSE,STK,500510,INE018A01030,LT,A,,,,,LARSEN & TOUBRO LTD.,4065.00,4065.05,4023.90,4030.10,4030.10,4082.00,,4041.26,,,59848,241706436.00,8693,F1,1,,,,,
2026-08-19,2026-08-19,CM,BSE,STK,500520,INE101A01026,M&M,A,,,,,MAHINDRA & MAHINDRA LTD.,3408.55,3425.10,3370.35,3412.30,3412.30,3416.00,,3415.00,,,73407,250230984.00,4904,F1,1,,,,,
2026-08-19,2026-08-19,CM,BSE,STK,500570,INE155A01022,TMPV,A,,,,,TATA MOTORS PASSENGER VEHICLES,323.50,323.90,320.10,322.00,322.00,323.00,,321.31,,,989037,318607389.00,16278,F1,1,,,,,
2026-08-19,2026-08-19,CM,BSE,STK,500660,INE159A01016,GLAXO,A,,,,,GLAXOSMITHKLINE PHARMACEUTICAL,2854.85,3051.00,2854.85,3034.05,3034.05,2883.20,,3032.46,,,99093,297188664.00,7487,F1,1,,,,,
2026-08-19,2026-08-19,CM,BSE,STK,500680,INE182A01018,PFIZER,A,,,,,PFIZER LTD.,4811.00,4965.00,4811.00,4917.35,4920.00,4800.80,,4919.44,,,237560,1167522989.00,810,F1,1,,,,,
2026-08-19,2026-08-19,CM,BSE,STK,500696,INE030A01027,HINDUNILVR,A,,,,,HINDUSTAN UNILEVER LTD.,2036.00,2041.50,2008.45,2016.00,2016.00,2036.00,,2020.69,,,87246,176210105.00,9520,F1,1,,,,,
2026-08-19,2026-08-19,CM,BSE,STK,500875,INE154A01025,ITC,A,,,,,ITC LTD.,270.10,270.95,265.85,266.90,266.90,270.10,,267.05,,,1169032,313536298.00,33492,F1,1,,,,,
2026-08-19,2026-08-19,CM,BSE,STK,505890,INE717A01029,KENNAMET,B,,,,,KENNAMETAL INDIA LTD.,3548.50,3679.00,3548.50,3611.95,3619.65,3511.40,,3615.80,,,63161,228411199.00,1083,F1,1,,,,,
2026-08-19,2026-08-19,CM,BSE,STK,511034,INE742C01031,JINDRILL,B,,,,,JINDAL DRILLING & INDUSTRIES L,651.35,665.35,627.40,636.90,634.50,651.00,,635.16,,,338559,219861462.00,6305,F1,1,,,,,
2026-08-19,2026-08-19,CM,BSE,STK,512529,INE807F01027,VIYASH,A,,,,,VIYASH SCIENTIFIC LIMITED,254.00,275.65,253.90,271.95,270.00,254.65,,271.56,,,780161,211178452.00,2706,F1,1,,,,,
2026-08-19,2026-08-19,CM,BSE,STK,513599,INE531E01026,HINDCOPPER,A,,,,,HINDUSTAN COPPER LTD.,560.00,569.00,553.00,554.90,554.90,566.40,,554.86,,,772625,433159057.00,13693,F1,1,,,,,
2026-08-19,2026-08-19,CM,BSE,STK,515055,INE242C01024,ANANTRAJ,A,,,,,ANANT RAJ LIMITED,623.75,640.20,621.05,631.25,631.25,627.10,,631.52,,,378632,239546054.00,9352,F1,1,,,,,
2026-08-19,2026-08-19,CM,BSE,STK,522275,INE200A01026,GVT&D,A,,,,,GE Vernova T&D India Limited,4189.70,4189.70,4042.65,4119.00,4119.00,4195.00,,4100.09,,,79018,323933603.00,4740,F1,1,,,,,
2026-08-19,2026-08-19,CM,BSE,STK,523385,INE310A01015,NILKAMAL,B,,,,,NILKAMAL LTD.,1835.30,2105.00,1835.30,2030.70,2030.00,1831.55,,2033.48,,,129471,264185996.00,6419,F1,1,,,,,
2026-08-19,2026-08-19,CM,BSE,STK,524208,INE769A01020,AARTIIND,A,,,,,AARTI INDUSTRIES LTD.,534.20,534.20,520.10,526.90,525.50,529.95,,527.04,,,553362,290604933.00,1851,F1,1,,,,,
2026-08-19,2026-08-19,CM,BSE,STK,524715,INE044A01036,SUNPHARMA,A,,,,,SUN PHARMACEUTICAL INDUSTRIES,1870.40,1898.80,1870.40,1898.00,1898.00,1876.40,,1899.99,,,269980,510155491.00,4174,F1,1,,,,,
2026-08-19,2026-08-19,CM,BSE,STK,530843,INE509F01029,CUPID,A,,,,,CUPID LTD.,285.50,291.00,277.00,284.30,284.30,284.10,,284.53,,,4108132,1165733440.00,34505,F1,1,,,,,
2026-08-19,2026-08-19,CM,BSE,STK,532174,INE090A01021,ICICIBANK,A,,,,,ICICI BANK LTD.,1410.10,1415.00,1391.10,1401.80,1401.80,1411.05,,1402.00,,,446798,625335084.00,9545,F1,1,,,,,
2026-08-19,2026-08-19,CM,BSE,STK,532175,INE136B01020,CYIENT,A,,,,,CYIENT LIMITED,867.05,902.75,863.95,895.00,895.00,857.75,,894.80,,,1078505,964883157.00,3070,F1,1,,,,,
2026-08-19,2026-08-19,CM,BSE,STK,532259,INE372A01015,APARINDS,A,,,,,APAR INDUSTRIES LTD.,17471.90,17511.90,16480.00,16607.65,16599.00,17205.65,,16614.84,,,12946,216923772.00,1281,F1,1,,,,,
2026-08-19,2026-08-19,CM,BSE,STK,532281,INE860A01027,HCLTECH,A,,,,,HCL TECHNOLOGIES LTD.,1310.00,1323.80,1301.55,1322.50,1322.50,1300.00,,1324.79,,,189112,248587298.00,7331,F1,1,,,,,
2026-08-19,2026-08-19,CM,BSE,STK,532454,INE397D01024,BHARTIARTL,A,,,,,BHARTI AIRTEL LTD.,1921.40,1941.75,1921.35,1925.00,1925.00,1935.00,,1922.01,,,362866,700568427.00,10307,F1,1,,,,,
2026-08-19,2026-08-19,CM,BSE,STK,532466,INE881D01027,OFSS,A,,,,,ORACLE FINANCIAL SERVICES SOFT,11699.00,11846.35,11640.00,11720.00,11720.00,11651.65,,11773.92,,,20015,234578897.00,4475,F1,1,,,,,
2026-08-19,2026-08-19,CM,BSE,STK,532488,INE361B01024,DIVISLAB,A,,,,,DIVIS LABORATORIES LTD.,8589.40,8595.00,8504.30,8525.00,8525.00,8600.00,,8559.93,,,60100,513764418.00,2644,F1,1,,,,,
2026-08-19,2026-08-19,CM,BSE,STK,532500,INE585B01010,MARUTI,A,,,,,MARUTI SUZUKI INDIA LTD.,13730.00,13748.95,13628.30,13688.20,13688.20,13720.00,,13689.99,,,24008,328118216.00,2513,F1,1,,,,,
2026-08-19,2026-08-19,CM,BSE,STK,532514,INE203G01027,IGL,A,,,,,INDRAPRASTHA GAS LTD.,153.25,158.00,150.25,153.05,153.05,149.45,,152.65,,,1120341,173552879.00,6730,F1,1,,,,,
2026-08-19,2026-08-19,CM,BSE,STK,532538,INE481G01011,ULTRACEMCO,A,,,,,ULTRATECH CEMENT LTD.,11500.00,11590.30,11396.05,11460.00,11460.00,11495.00,,11450.02,,,24012,274925223.00,2780,F1,1,,,,,
2026-08-19,2026-08-19,CM,BSE,STK,532540,INE467B01029,TCS,A,,,,,TATA CONSULTANCY SERVICES LTD.,2292.05,2302.85,2258.30,2287.00,2287.00,2281.00,,2288.99,,,181811,414498079.00,10756,F1,1,,,,,
2026-08-19,2026-08-19,CM,BSE,STK,532541,INE591G01025,COFORGE,A,,,,,COFORGE LIMITED,1794.95,1822.00,1786.85,1815.00,1815.00,1769.40,,1813.11,,,175460,317100904.00,4816,F1,1,,,,,
2026-08-19,2026-08-19,CM,BSE,STK,532642,INE824G01012,JSWHL,A,,,,,JSW HOLDINGS LIMITED,11501.65,11501.65,11265.00,11370.60,11370.60,11509.60,,11331.74,,,15314,174497419.00,147,F1,1,,,,,
2026-08-19,2026-08-19,CM,BSE,STK,532667,INE040H01021,SUZLON,A,,,,,SUZLON ENERGY LTD.,47.78,47.78,46.70,46.78,46.78,47.79,,46.77,,,4298915,202128074.00,22971,F1,1,,,,,
2026-08-19,2026-08-19,CM,BSE,STK,532683,INE212H01026,AIAENG,A,,,,,AIA ENGINEERING LTD.,4433.85,4435.15,4370.00,4385.25,4402.05,4444.80,,4384.91,,,51073,223466601.00,277,F1,1,,,,,
2026-08-19,2026-08-19,CM,BSE,STK,532725,INE343H01029,SOLARINDS,A,,,,,SOLAR INDUSTRIES INDIA LTD.,20149.95,20149.95,19550.00,19800.00,19800.00,20151.00,,19721.52,,,9001,178014411.00,1726,F1,1,,,,,
2026-08-19,2026-08-19,CM,BSE,STK,532757,INE540H01012,VOLTAMP,A,,,,,VOLTAMP TRANSFORMERS LTD.,10095.00,10095.00,9960.00,9995.40,10011.90,10095.20,,9999.85,,,24026,240260280.00,165,F1,1,,,,,
2026-08-19,2026-08-19,CM,BSE,STK,532810,INE134E01011,PFC,A,,,,,POWER FINANCE CORPORATION LTD.,375.00,376.50,371.10,376.00,376.00,374.25,,374.46,,,1553067,580521420.00,7055,F1,1,,,,,
2026-08-19,2026-08-19,CM,BSE,STK,532822,INE669E01016,IDEA,A,,,,,VODAFONE IDEA  LIMITED,14.12,14.22,13.88,14.06,14.06,14.12,,14.07,,,17805942,250339366.00,245937,F1,1,,,,,
2026-08-19,2026-08-19,CM,BSE,STK,532955,INE020B01018,RECLTD,A,,,,,REC LIMITED,338.85,340.30,336.40,337.35,337.35,339.95,,337.01,,,761281,258363609.00,7005,F1,1,,,,,
2026-08-19,2026-08-19,CM,BSE,STK,532977,INE917I01010,BAJAJ-AUTO,A,,,,,BAJAJ AUTO LTD.,11600.00,11717.00,11537.50,11700.00,11700.00,11598.00,,11645.10,,,34331,399491624.00,1633,F1,1,,,,,
2026-08-19,2026-08-19,CM,BSE,STK,532978,INE918I01026,BAJAJFINSV,A,,,,,BAJAJ FINSERV LTD.,2000.00,2010.00,1984.85,2010.00,2010.00,2010.10,,2011.99,,,92777,185526934.00,1089,F1,1,,,,,
2026-08-19,2026-08-19,CM,BSE,STK,533179,INE262H01021,PERSISTENT,A,,,,,PERSISTENT SYSTEMS LTD.,5515.00,5577.95,5475.00,5510.00,5510.00,5445.90,,5510.00,,,47711,263704671.00,4810,F1,1,,,,,
2026-08-19,2026-08-19,CM,BSE,STK,533273,INE093I01010,OBEROIRLTY,A,,,,,OBEROI REALTY LTD.,1859.00,1889.55,1831.50,1859.00,1859.00,1870.60,,1869.62,,,1037308,1944746837.00,4248,F1,1,,,,,
2026-08-19,2026-08-19,CM,BSE,STK,533519,INE498L01015,LTF,A,,,,,L&T Finance Limited,327.40,327.40,312.85,315.00,315.00,324.80,,315.39,,,835274,264362115.00,8359,F1,1,,,,,
2026-08-19,2026-08-19,CM,BSE,STK,533655,INE152M01016,TRITURBINE,A,,,,,TRIVENI TURBINE LTD.,578.55,584.95,561.35,569.95,566.00,582.15,,569.67,,,1054127,597211261.00,2995,F1,1,,,,,
2026-08-19,2026-08-19,CM,BSE,STK,534091,INE745G01043,MCX,A,,,,,MULTI COMMODITY EXCHANGE OF IN,3060.10,3068.10,2960.55,2973.00,2973.00,3037.75,,2973.00,,,128000,385034376.00,8207,F1,1,,,,,
2026-08-19,2026-08-19,CM,BSE,STK,535789,INE148I01020,SAMMAANCAP,A,,,,,Sammaan Capital Limited,151.90,158.50,150.50,153.65,153.65,149.90,,153.63,,,1190411,184432379.00,8941,F1,1,,,,,
2026-08-19,2026-08-19,CM,BSE,STK,539177,INE206F01022,AIIL,A,,,,,Authum Investment & Infrastruc,558.55,571.40,543.50,549.85,551.00,553.00,,550.44,,,307955,168945964.00,1463,F1,1,,,,,
2026-08-19,2026-08-19,CM,BSE,STK,539268,INE398R01022,SYNGENE,A,,,,,Syngene International Limited,400.75,404.95,396.05,397.10,396.55,403.65,,396.85,,,527097,209829613.00,1260,F1,1,,,,,
2026-08-19,2026-08-19,CM,BSE,STK,539448,INE646L01027,INDIGO,A,,,,,InterGlobe Aviation Limited,5160.05,5215.00,5153.20,5175.00,5175.00,5215.20,,5192.97,,,71940,371895283.00,3192,F1,1,,,,,
2026-08-19,2026-08-19,CM,BSE,STK,539523,INE540L01014,ALKEM,A,,,,,Alkem Laboratories Limited,5454.70,5488.85,5369.15,5380.50,5380.00,5475.00,,5382.50,,,127066,684556130.00,1531,F1,1,,,,,
2026-08-19,2026-08-19,CM,BSE,STK,540699,INE935N01020,DIXON,A,,,,,Dixon Technologies (India) Lim,14195.05,14544.70,14029.65,14495.00,14495.00,14140.50,,14462.59,,,29573,424436851.00,5267,F1,1,,,,,
2026-08-19,2026-08-19,CM,BSE,STK,540716,INE765G01017,ICICIGI,A,,,,,ICICI Lombard General Insuranc,1631.65,1640.00,1611.50,1616.00,1616.00,1630.00,,1615.70,,,320479,519180084.00,923,F1,1,,,,,
2026-08-19,2026-08-19,CM,BSE,STK,540719,INE123W01016,SBILIFE,A,,,,,SBI Life Insurance Company Lim,1755.80,1785.60,1746.75,1785.50,1785.50,1778.55,,1780.41,,,211572,374526524.00,2195,F1,1,,,,,
2026-08-19,2026-08-19,CM,BSE,STK,540767,INE298J01013,NAM-INDIA,A,,,,,NIPPON LIFE INDIA ASSET MANAGE,1173.45,1217.20,1173.45,1210.10,1210.10,1175.85,,1216.84,,,142483,169919154.00,2984,F1,1,,,,,
2026-08-19,2026-08-19,CM,BSE,STK,540975,INE914M01019,ASTERDM,A,,,,,ASTER DM QUALITY CARE LIMITED,783.00,835.00,766.10,800.70,800.70,817.80,,800.21,,,5849477,4523250789.00,29896,F1,1,,,,,
2026-08-19,2026-08-19,CM,BSE,STK,541153,INE545U01014,BANDHANBNK,A,,,,,Bandhan Bank Limited,170.60,170.60,167.80,169.30,169.30,170.40,,169.20,,,1623905,274780862.00,2607,F1,1,,,,,
2026-08-19,2026-08-19,CM,BSE,STK,541154,INE066F01020,HAL,A,,,,,Hindustan Aeronautics Limited,5098.90,5100.00,5002.75,5010.00,5010.00,5099.30,,5016.79,,,65096,327742170.00,9028,F1,1,,,,,
2026-08-19,2026-08-19,CM,BSE,STK,541450,INE364U01010,ADANIGREEN,A,,,,,Adani Green Energy Limited,1312.00,1312.70,1281.80,1290.00,1290.00,1309.00,,1292.72,,,151234,195164983.00,6702,F1,1,,,,,
2026-08-19,2026-08-19,CM,BSE,STK,541729,INE127D01025,HDFCAMC,A,,,,,HDFC Asset Management Company,2507.85,2551.95,2501.00,2538.00,2538.00,2525.00,,2551.64,,,150128,381301372.00,3207,F1,1,,,,,
2026-08-19,2026-08-19,CM,BSE,STK,542066,INE399L01023,ATGL,A,,,,,ADANI TOTAL GAS LIMITED,648.50,687.90,648.50,663.85,663.85,647.70,,664.30,,,537978,361249348.00,11618,F1,1,,,,,
2026-08-19,2026-08-19,CM,BSE,STK,542772,INE466L01038,360ONE,A,,,,,360 ONE WAM LIMITED,1162.95,1184.60,1157.75,1177.35,1177.35,1168.90,,1180.45,,,213004,250301755.00,2422,F1,1,,,,,
2026-08-19,2026-08-19,CM,BSE,STK,543066,INE018E01016,SBICARD,A,,,,,SBI CARDS AND PAYMENT SERVICES,612.00,626.80,610.20,626.30,626.30,615.60,,623.65,,,583322,358004344.00,2275,F1,1,,,,,
2026-08-19,2026-08-19,CM,BSE,STK,543187,INE07Y701011,POWERINDIA,A,,,,,HITACHI ENERGY INDIA LIMITED,35209.95,35209.95,33400.00,33550.00,33550.00,35220.00,,33797.72,,,10413,352655717.00,2864,F1,1,,,,,
2026-08-19,2026-08-19,CM,BSE,STK,543265,INE0DD101019,RAILTEL,A,,,,,RailTel Corporation of India L,283.85,297.50,282.50,286.85,286.85,277.15,,287.24,,,667490,193882730.00,9185,F1,1,,,,,
2026-08-19,2026-08-19,CM,BSE,STK,543278,INE303R01014,KALYANKJIL,A,,,,,Kalyan Jewellers India Limited,605.05,605.10,587.85,595.00,595.00,602.00,,595.19,,,536935,318768753.00,8038,F1,1,,,,,
2026-08-19,2026-08-19,CM,BSE,STK,543300,INE073K01018,SONACOMS,A,,,,,Sona BLW Precision Forgings Li,825.75,829.70,817.30,823.00,823.00,825.50,,823.50,,,471895,387636321.00,3944,F1,1,,,,,
2026-08-19,2026-08-19,CM,BSE,STK,543320,INE758T01015,ETERNAL,A,,,,,Eternal Limited,318.50,322.85,316.00,320.20,320.20,316.00,,320.00,,,1301601,416910055.00,16269,F1,1,,,,,
2026-08-19,2026-08-19,CM,BSE,STK,543367,INE045601023,PARAS,A,,,,,Paras Defence and Space Techno,1530.00,1577.65,1468.00,1496.10,1496.10,1527.65,,1496.38,,,214240,325360088.00,8214,F1,1,,,,,
2026-08-19,2026-08-19,CM,BSE,STK,543384,INE388Y01029,NYKAA,A,,,,,FSN E-Commerce Ventures Limite,320.20,329.00,320.20,327.50,327.50,321.00,,327.35,,,706441,230073901.00,2866,F1,1,,,,,
2026-08-19,2026-08-19,CM,BSE,STK,543390,INE417T01026,POLICYBZR,A,,,,,PB Fintech Limited,1750.40,1798.55,1743.40,1780.00,1780.00,1748.00,,1782.08,,,153534,273672043.00,7177,F1,1,,,,,
2026-08-19,2026-08-19,CM,BSE,STK,543396,INE982J01020,PAYTM,A,,,,,One 97 Communications Limited,1547.90,1605.00,1546.90,1585.20,1585.20,1546.90,,1583.51,,,320986,509374981.00,11824,F1,1,,,,,
2026-08-19,2026-08-19,CM,BSE,STK,543428,INE0IX101010,DATAPATTNS,A,,,,,Data Patterns (India) Limited,4749.00,4791.90,4691.00,4775.20,4775.20,4737.45,,4774.26,,,79129,375777722.00,7328,F1,1,,,,,
2026-08-19,2026-08-19,CM,BSE,STK,543463,INE825V01034,MANYAVAR,A,,,,,Vedant Fashions Limited,534.10,545.15,531.20,542.75,542.00,536.80,,542.61,,,1121911,601378360.00,674,F1,1,,,,,
2026-08-19,2026-08-19,CM,BSE,STK,543664,INE918Z01012,KAYNES,A,,,,,KAYNES TECHNOLOGY INDIA LIMITE,3640.40,3825.00,3640.40,3811.00,3811.00,3651.90,,3820.80,,,182759,689064611.00,15304,F1,1,,,,,
2026-08-19,2026-08-19,CM,BSE,STK,543904,INE634S01028,MANKIND,A,,,,,Mankind Pharma Limited,2371.10,2423.95,2371.10,2391.00,2391.00,2390.00,,2394.00,,,117487,281017392.00,2064,F1,1,,,,,
2026-08-19,2026-08-19,CM,BSE,STK,543933,INE055S01018,CYIENTDLM,B,,,,,Cyient DLM Limited,732.45,740.00,710.45,714.80,715.10,736.80,,715.55,,,343537,247110575.00,1206,F1,1,,,,,
2026-08-19,2026-08-19,CM,BSE,STK,543940,INE758E01017,JIOFIN,A,,,,,Jio Financial Services Limited,245.60,246.20,241.60,242.70,242.70,246.15,,243.14,,,888055,216764119.00,12281,F1,1,,,,,
2026-08-19,2026-08-19,CM,BSE,STK,543945,INE0NT901020,NETWEB,A,,,,,NETWEB TECHNOLOGIES INDIA LIMI,5300.05,5342.50,5024.00,5062.15,5062.15,5357.75,,5064.79,,,178311,916507802.00,14786,F1,1,,,,,
2026-08-19,2026-08-19,CM,BSE,STK,543980,INE682M01020,JLHL,A,,,,,Jupiter Life Line Hospitals Li,319.90,323.00,317.10,321.30,322.40,318.20,,320.57,,,1005278,320188818.00,257,F1,1,,,,,
2026-08-19,2026-08-19,CM,BSE,STK,543985,INE07K301024,ZAGGLE,A,,,,,ZAGGLE PREPAID OCEAN SERVICES,187.00,195.70,180.00,186.00,186.00,165.85,,186.04,,,2671926,496777319.00,17186,F1,1,,,,,
2026-08-19,2026-08-19,CM,BSE,STK,544192,INE0HV901016,IXIGO,A,,,,,Le Travenues Technology Limite,172.25,172.55,167.55,168.90,168.10,173.00,,168.79,,,1466557,249166128.00,1244,F1,1,,,,,
2026-08-19,2026-08-19,CM,BSE,STK,544243,INE01FR01028,STYLEBAAZA,B,,,,,Baazar Style Retail Limited,413.00,423.80,410.15,423.80,423.80,403.65,,422.97,,,764948,323200211.00,3919,F1,1,,,,,
2026-08-19,2026-08-19,CM,BSE,STK,544288,INE0UIZ01018,BLACKBUCK,A,,,,,BlackBuck Limited,590.05,628.35,585.55,613.80,613.80,588.80,,615.63,,,365938,225139306.00,7095,F1,1,,,,,
2026-08-19,2026-08-19,CM,BSE,STK,544449,INE0CZ201020,ANTHEM,A,,,,,Anthem Biosciences Limited,892.00,896.70,880.00,881.75,880.00,890.65,,881.90,,,629577,558475715.00,1558,F1,1,,,,,
2026-08-19,2026-08-19,CM,BSE,STK,544458,INE0FMZ01045,SHREEREF,M,,,,,SHREE REFRIGERATIONS LIMITED,331.20,384.50,328.00,368.10,367.95,332.05,,368.10,,,833000,297105825.00,1441,F1,500,,,,,
2026-08-19,2026-08-19,CM,BSE,STK,544467,INE301O01023,NSDL,A,,,,,National Securities Depository,807.50,807.50,801.00,802.15,802.15,806.20,,802.15,,,319933,257126943.00,20185,F1,1,,,,,
2026-08-19,2026-08-19,CM,BSE,STK,544569,INE1TAE01010,TMCV,B,,,,,Tata Motors Limited,471.00,479.90,467.70,478.25,478.25,472.45,,478.30,,,628489,297424918.00,23569,F1,1,,,,,
2026-08-19,2026-08-19,CM,BSE,STK,544572,INE2J8701016,SKFINDUS,B,,,,,SKF INDIA (INDUSTRIAL) LIMITED,2645.25,2810.50,2645.25,2800.05,2808.95,2660.90,,2800.21,,,145527,403281128.00,1652,F1,1,,,,,
2026-08-19,2026-08-19,CM,BSE,STK,544600,INE956O01016,LENSKART,B,,,,,Lenskart Solutions Limited,632.95,645.10,622.90,639.30,640.00,627.40,,639.60,,,708835,451800160.00,3918,F1,1,,,,,
2026-08-19,2026-08-19,CM,BSE,STK,544603,INE0HOQ01053,GROWW,B,,,,,Billionbrains Garage Ventures,194.00,198.00,193.50,194.20,194.20,193.70,,194.14,,,2440813,476492228.00,12029,F1,1,,,,,
2026-08-19,2026-08-19,CM,BSE,STK,544606,INE15B701018,PINELABS,B,,,,,Pine Labs Limited,161.00,161.50,157.00,157.65,157.65,160.40,,157.62,,,1125555,179667783.00,4313,F1,1,,,,,
2026-08-19,2026-08-19,CM,BSE,STK,544632,INE0VDM01015,MEESHO,B,,,,,Meesho Limited,191.85,200.00,191.85,196.90,196.90,192.95,,196.88,,,1533764,299995245.00,9352,F1,1,,,,,
2026-08-19,2026-08-19,CM,BSE,STK,544634,INE947N01017,AEQUS,B,,,,,Aequs Limited,262.30,268.95,255.50,262.40,262.40,259.95,,262.45,,,704577,185167460.00,8324,F1,1,,,,,
2026-08-19,2026-08-19,CM,BSE,STK,544658,INE346A01027,ICICIAMC,A,,,,,ICICI Prudential Asset Managem,3106.90,3290.00,3082.90,3262.05,3262.05,3106.35,,3260.83,,,92980,299859732.00,7880,F1,1,,,,,
2026-08-19,2026-08-19,CM,BSE,STK,544829,INE640G01020,SBIFUNDS,A,,,,,SBI Funds Management Limited,555.80,557.40,550.30,553.75,553.75,554.85,,553.95,,,433575,239420969.00,8580,F1,1,,,,,
2026-08-19,2026-08-19,CM,BSE,STK,544837,INE084101034,INDOMIM,B,,,,,INDO-MIM Limited,966.95,989.95,936.20,966.60,966.60,951.30,,967.88,,,311523,299015662.00,13530,F1,1,,,,,
2026-08-19,2026-08-19,CM,BSE,STK,544865,INE00GO01025,LEAPIND,B,,,,,LEAP India Limited,159.45,171.25,156.10,160.55,160.55,160.00,,159.76,,,2310238,378631862.00,16883,F1,1,,,,,
2026-08-19,2026-08-19,CM,BSE,STK,544866,INE869T01028,MOLBIO,B,,,,,MOLBIO DIAGNOSTICS LIMITED,1088.00,1132.00,1013.65,1040.35,1040.35,1114.55,,1036.98,,,635792,693294318.00,21972,F1,1,,,,,
2026-08-19,2026-08-19,CM,BSE,STK,544867,INE01NH01023,DHOOTTRANS,B,,,,,Dhoot Transmission Limited,1312.50,1436.85,1271.35,1402.75,1402.75,1306.25,,1403.96,,,2365093,3264965974.00,85126,F1,1,,,,,
2026-08-19,2026-08-19,CM,BSE,STK,544868,INE00IT01020,MILKYMIST,B,,,,,Milky Mist Dairy Food Limited,190.00,199.55,189.85,199.55,199.55,181.45,,199.65,,,1679455,330620666.00,21904,F1,1,,,,,
2026-08-19,2026-08-19,CM,BSE,STK,590096,INF732E01037,LIQUIDBEES,F,,,,,NIPPON INDIA ETF LIQUID BEES,1000.00,1000.01,999.99,1000.00,999.99,1000.00,,999.99,,,218104,218103680.00,781,F1,1,,,,,
2026-08-19,2026-08-19,CM,BSE,STK,590145,INF204KC1402,SILVERBEES,E,,,,,Nippon India Mutual Fund - Per,221.63,221.63,215.16,216.41,216.54,221.63,,216.43,,,922124,199498410.00,7323,F1,1,,,,,
